name,shape,params,dct_top10_share,dct_top10_share_ctrl,rank99_frac,rank99_frac_ctrl
tok_embeddings.weight,512x64,32768,0.81722,0.441921,0.0137,0.9844
layers.0.attention.wq.weight,64x64,4096,0.538613,0.439631,0.0085,0.7656
layers.0.attention.wk.weight,32x64,2048,0.581423,0.447607,0.0215,0.9375
layers.0.attention.wv.weight,32x64,2048,0.443397,0.430364,0.0283,0.9375
layers.0.attention.wo.weight,64x64,4096,0.436274,0.416988,0.012,0.7812
layers.0.feed_forward.w1.weight,172x64,11008,0.448227,0.440407,0.0146,0.9531
layers.0.feed_forward.w2.weight,64x172,11008,0.440157,0.441197,0.0149,0.9531
layers.0.feed_forward.w3.weight,172x64,11008,0.441553,0.43922,0.0149,0.9531
layers.1.attention.wq.weight,64x64,4096,0.611479,0.44991,0.0093,0.7656
layers.1.attention.wk.weight,32x64,2048,0.588987,0.434643,0.0225,0.9688
layers.1.attention.wv.weight,32x64,2048,0.454248,0.444294,0.0293,0.9375
layers.1.attention.wo.weight,64x64,4096,0.467154,0.439454,0.0117,0.7812
layers.1.feed_forward.w1.weight,172x64,11008,0.436745,0.437769,0.0146,0.9531
layers.1.feed_forward.w2.weight,64x172,11008,0.442731,0.435334,0.0146,0.9531
layers.1.feed_forward.w3.weight,172x64,11008,0.442375,0.432338,0.0146,0.9531
layers.2.attention.wq.weight,64x64,4096,0.501299,0.44402,0.0095,0.7656
layers.2.attention.wk.weight,32x64,2048,0.513425,0.445332,0.0234,0.9375
layers.2.attention.wv.weight,32x64,2048,0.433429,0.428302,0.0283,0.9375
layers.2.attention.wo.weight,64x64,4096,0.441824,0.435512,0.0115,0.7812
layers.2.feed_forward.w1.weight,172x64,11008,0.441489,0.442616,0.0146,0.9531
layers.2.feed_forward.w2.weight,64x172,11008,0.441756,0.443537,0.0144,0.9531
layers.2.feed_forward.w3.weight,172x64,11008,0.440061,0.439961,0.0149,0.9531
layers.3.attention.wq.weight,64x64,4096,0.517009,0.436241,0.0088,0.7812
layers.3.attention.wk.weight,32x64,2048,0.563557,0.428671,0.0215,0.9375
layers.3.attention.wv.weight,32x64,2048,0.434128,0.444048,0.0283,0.9375
layers.3.attention.wo.weight,64x64,4096,0.453779,0.433338,0.0112,0.7812
layers.3.feed_forward.w1.weight,172x64,11008,0.445654,0.43981,0.0149,0.9531
layers.3.feed_forward.w2.weight,64x172,11008,0.439189,0.439532,0.0146,0.9531
layers.3.feed_forward.w3.weight,172x64,11008,0.438229,0.442337,0.0149,0.9531
layers.4.attention.wq.weight,64x64,4096,0.514851,0.428921,0.009,0.7812
layers.4.attention.wk.weight,32x64,2048,0.482933,0.43623,0.0234,0.9375
layers.4.attention.wv.weight,32x64,2048,0.447989,0.437694,0.0293,0.9375
layers.4.attention.wo.weight,64x64,4096,0.430765,0.434089,0.0115,0.7812
layers.4.feed_forward.w1.weight,172x64,11008,0.443547,0.435927,0.0146,0.9531
layers.4.feed_forward.w2.weight,64x172,11008,0.433288,0.438318,0.0146,0.9531
layers.4.feed_forward.w3.weight,172x64,11008,0.440472,0.448484,0.0146,0.9531
output.weight,512x64,32768,0.81722,0.435958,0.0137,0.9844
