scheme,frac,b,bpp,loss,sem
dct-rect,0.01,8,0.049,5.8708,0.0014
dct-rect,0.02,8,0.05,6.6556,0.0052
dct-rect,0.05,8,0.067,9.9661,0.0096
dct-rect,0.1,8,0.121,5.7634,0.0081
dct-rect,0.2,8,0.369,6.7267,0.0069
dct-rect,0.4,8,1.352,8.9649,0.0168
dct-topk,0.01,8,0.263,7.3862,0.0145
dct-topk,0.02,8,0.478,6.9161,0.0099
dct-topk,0.05,8,1.123,7.5189,0.0113
dct-topk,0.05,23,1.87,7.4973,0.0111
dct-topk,0.1,8,2.2,7.1894,0.0115
dct-topk,0.2,8,4.351,7.5822,0.01
dct-topk,0.4,8,8.653,6.0449,0.017
dct-topk,1.0,8,21.563,2.0187,0.016
fp16,,16,16.0,1.9725,0.0161
fp32,,32,32.0,1.9726,0.0161
svd,1,16,0.441,7.0838,0.0148
svd,2,16,0.834,8.8992,0.0216
svd,4,16,1.621,7.292,0.0153
svd,8,16,3.194,6.6282,0.0092
svd,16,16,6.341,7.0271,0.0155
svd,32,16,12.634,6.1991,0.0129
uniform,,3,3.04,9.5947,0.0121
uniform,,4,4.037,4.4292,0.0186
uniform,,5,5.034,2.4884,0.0203
uniform,,6,6.032,2.0548,0.0168
uniform,,7,7.029,2.0115,0.0165
uniform,,8,8.026,1.9797,0.0161
