source,k,uni_mse,uni_H,lm_mse,lm_H,ec_at_uniH,eff_uni,ec_at_lmH,eff_lm,cov
gaussian,3,0.9586258132998438,0.11187218807756341,0.19056071160858779,1.5345899041794504,0.9163096441705931,1.0461810801604665,0.17559840616087402,1.0852075242300667,ok
gaussian,4,1.1150288120505094,1.0105501373743513,0.1178897179040625,1.9102407462408246,0.35985392249858894,3.0985595608031247,0.10417059524838979,1.1316986105624156,ok
gaussian,5,0.4915697055718942,0.9598558855022192,0.08025591826957569,2.2034527963256467,0.38242253779361546,1.2854098725666188,0.06789026100623756,1.1821418430281483,ok
gaussian,6,0.33610072714203804,1.2702016583981806,0.05820752566461862,2.442203506221474,0.24482079461939904,1.372843870001091,0.049685140145006274,1.1715278551039552,ok
gaussian,7,0.23033414777394953,1.4599703096212417,0.04432962389080369,2.645060596658547,0.1939699624654173,1.1874732811530835,0.036982114751122744,1.1986773657787617,ok
gaussian,8,0.16983405689984588,1.6480110233204885,0.034807125290488565,2.8214132884525567,0.147673804201285,1.1500621780444933,0.02946918035550903,1.181136525365954,ok
gaussian,9,0.12968148254514691,1.8143323225852201,0.028026353066425157,2.978206294197891,0.11705095901498627,1.1079061943315094,0.022770991005736405,1.2307919782395433,ok
gaussian,10,0.10264722975280301,1.9663553581511612,0.023147035371858304,3.1228469326438324,0.09660555819483838,1.0625395854116335,0.019159510330718024,1.2081224922928833,ok
gaussian,11,0.08303084726223518,2.1070517736578607,0.019360249019405,3.247346985397288,0.077633769151962,1.0695197227859545,0.016107308460557745,1.2019543219658821,ok
gaussian,12,0.06877838434237547,2.2329741551271813,0.01649685456606976,3.3727965369647936,0.06568019768499694,1.0471707876434457,0.013296542047418227,1.240687579314874,ok
gaussian,13,0.05771278534656205,2.3527211614422114,0.014210697490345345,3.471064492671109,0.056627124655418644,1.019172096371655,0.01154763371615957,1.2306155390484135,ok
gaussian,14,0.049204280248563416,2.46313759889494,0.012358613711414088,3.5768473521618995,0.04806108628905038,1.0237862696785005,0.01017567947955798,1.2145246650350403,ok
gaussian,15,0.0424657456959369,2.5644731987441136,0.010841822796117739,3.6749361246550865,0.04070564698468246,1.0432396692261583,0.00878062886702407,1.2347433151211469,ok
gaussian,16,0.03688280228578712,2.660655299742926,0.00961095552126461,3.7618075198343885,0.036322285244702796,1.015431766952661,0.0077765714080170936,1.235885973008156,ok
gaussian,17,0.03251383353077192,2.749537426804951,0.008546671796657667,3.8421198436063038,0.032536831837412385,0.9992931608475162,0.0069175088838047336,1.235512948406489,ok
gaussian,18,0.028700732456861854,2.8343247491785917,0.007692430321550648,3.9299002807195738,0.028917742643228314,0.9924956042024505,0.006164491358975227,1.247861319547607,ok
gaussian,19,0.025700809982750976,2.9153204766839287,0.006960460657769674,4.00921302157063,0.025455138778178617,1.0096511437911688,0.005550678585210184,1.2539837338655966,ok
gaussian,20,0.023025504512816056,2.9913900324694325,0.006353892949119931,4.058714485541339,0.022328525038427156,1.031214756603466,0.005165765319453281,1.2300003109301907,ok
gaussian,21,0.020828769616913018,3.063482372539142,0.005767073465912991,4.119068388679083,0.020612913496344736,1.01047188795541,0.00470992766672193,1.2244505380964428,ok
gaussian,22,0.018814322137526852,3.132559060042332,0.0052822670977000444,4.177610765752278,0.018921411046795327,0.9943403317541367,0.004394610486448135,1.201987551340265,ok
gaussian,23,0.017165811487405366,3.1989048068155013,0.004832400293401265,4.23639467704783,0.017294900793187212,0.9925359903866753,0.004083080151890159,1.1835183522332344,ok
gaussian,24,0.01577357915794513,3.261094534744013,0.004448682282359103,4.308720209107894,0.01577027811480129,1.000209320540818,0.003698159525179626,1.2029449384401618,ok
gaussian,25,0.014398945756365524,3.321882791708209,0.004109371505290928,4.372218683606536,0.014280013432284893,1.0083285862891238,0.0033597391588592092,1.2231221862730124,ok
gaussian,26,0.013330038691379558,3.3805175356078503,0.0038124193950530433,4.424852226952342,0.013115918552349913,1.0163252110917753,0.0031050806421576618,1.2278004452740607,ok
gaussian,27,0.012290259954535764,3.436433766189783,0.0035707517313700874,4.459881368070911,0.012158129885651058,1.0108676309701745,0.0029759983194414833,1.1998500496600495,ok
gaussian,28,0.011421522063799115,3.489739151369828,0.0033285485775898615,4.5047517801980135,0.011305555118445321,1.010257518904542,0.002808076855264155,1.185348104468724,ok
gaussian,29,0.01057418335032702,3.542376946222133,0.0031352313591144535,4.539775372800307,0.010622793202258639,0.9954240046844475,0.0026768072813916346,1.1712577819515235,ok
gaussian,30,0.009899966397561891,3.5922581274434395,0.0029301566051505292,4.585364388242786,0.009963835823385038,0.9935898757310667,0.0025067507521787068,1.1689062435121742,ok
gaussian,31,0.009234598138857167,3.6400694127261564,0.0027565754619730976,4.624043999553845,0.00928652554204509,0.9944083066424768,0.0023906986953263756,1.1530417728348543,ok
gaussian,32,0.008633223916076583,3.6870799226452697,0.0026043172510302076,4.659044615549458,0.008603285584977454,1.0034798718237838,0.0022868342916726654,1.1388307672810543,ok
student_t4,3,nan,nan,0.31831202695825106,1.39267908121995,nan,nan,0.17067708942190607,1.864995636124296,ok
student_t4,4,nan,nan,0.22406435332577912,1.6778120589660988,nan,nan,0.11771373716103965,1.9034681824708808,ok
student_t4,5,nan,nan,0.16718496390580023,1.8950119307541944,nan,nan,0.08800927443548895,1.8996289309071317,ok
student_t4,6,nan,nan,0.1304302119240574,2.100394643545735,nan,nan,0.0660719068960791,1.9740645919180746,ok
student_t4,7,nan,nan,0.11391809299606666,2.1129232081714053,nan,nan,0.06509141346400792,1.7501247389420618,ok
student_t4,8,nan,nan,0.09035946739020194,2.3057442888483495,nan,nan,0.05000111311298132,1.807149116581222,ok
student_t4,9,nan,nan,0.07383947656503369,2.4423478884786554,nan,nan,0.04113221838180935,1.795173697650333,ok
student_t4,10,nan,nan,0.0608804219687572,2.5722520324930187,nan,nan,0.03517499414623697,1.7307869822423327,ok
student_t4,11,nan,nan,0.05150953425899701,2.700438406010894,nan,nan,0.029296544487953657,1.7582119379361287,ok
student_t4,12,nan,nan,0.04402652093637891,2.826473721834464,nan,nan,0.02491834011109166,1.7668320096803642,ok
student_t4,13,nan,nan,0.03803458160241002,2.9129169330308424,nan,nan,0.022445492266997075,1.6945309619399394,ok
student_t4,14,nan,nan,0.03325551381162022,3.008503456444056,nan,nan,0.01971108519123627,1.6871477896308789,ok
student_t4,15,nan,nan,0.03318354329349705,3.036348862713983,nan,nan,0.018883939140250584,1.757236297312951,ok
student_t4,16,nan,nan,0.029769853180844043,3.038362124676645,nan,nan,0.01882392302721991,1.5814903799699997,ok
student_t4,17,nan,nan,0.025920104735820737,3.1293055399344403,nan,nan,0.016672009193135922,1.5547079200563525,ok
student_t4,18,nan,nan,0.025675681046080052,3.1277040393868027,nan,nan,0.01669844126739516,1.5376094471891555,ok
student_t4,19,nan,nan,0.022520644767731465,3.238857942382046,nan,nan,0.014863894146878394,1.5151241353842044,ok
student_t4,20,nan,nan,0.02251985016667078,3.240988302537267,nan,nan,0.014828733473405763,1.5186630879203855,ok
student_t4,21,nan,nan,0.02023729963454494,3.303592132506238,nan,nan,0.013795484321481588,1.4669510082391601,ok
student_t4,22,nan,nan,0.01885984175130756,3.33691152057346,nan,nan,0.013388735614073671,1.4086350119187427,ok
student_t4,23,nan,nan,0.019026543734410397,3.3225991706510625,nan,nan,0.013541765140520816,1.4050268585354182,ok
student_t4,24,nan,nan,0.018857908457315945,3.3367447865073525,nan,nan,0.013390518356622408,1.4083030958984188,ok
student_t4,25,nan,nan,0.018776733135838986,3.3429182113485005,nan,nan,0.01332451128684559,1.409187378930439,ok
student_t4,26,nan,nan,0.016712879966330807,3.4213697038759943,nan,nan,0.0124856976178361,1.338561967290965,ok
student_t4,27,nan,nan,0.01677312310486399,3.4197232445884054,nan,nan,0.012503301776933689,1.3414955028764757,ok
student_t4,28,nan,nan,0.01494330163917224,3.4920864056222896,nan,nan,0.011601543290684106,1.2880442941734764,ok
student_t4,29,nan,nan,0.014619836529559617,3.494491909170403,nan,nan,0.011576100595982353,1.2629327473738121,ok
student_t4,30,nan,nan,0.013089922023274162,3.5758655937467307,nan,nan,0.010715421834957047,1.2215965199401442,ok
student_t4,31,nan,nan,0.013105935274734604,3.592576248643387,nan,nan,0.01056787337169398,1.2401677058166514,ok
student_t4,32,nan,nan,0.01188097912783926,3.6629834501924776,nan,nan,0.009695566416353307,1.225403304731105,ok
