arm,layer,n_syms,h_marg,h_cond,gain_pct,lag1,lag1_iid,lag1_shuf,row_match,lags
recipe,00_k9,9,2.706478769274741,2.705989863832479,0.01806426297564826,0.180687404932638,0.17834537436633752,0.177215876627395,0.17870287375054325,"{2: 0.179, 4: 0.179, 8: 0.179, 16: 0.179, 32: 0.179, 64: 0.178}"
recipe,01_k9,9,2.6714100349823133,2.670717748236294,0.025914656939733768,0.18840653520208606,0.18469698901322706,0.18438582422184283,0.18674455399826162,"{2: 0.187, 4: 0.187, 8: 0.187, 16: 0.187, 32: 0.188, 64: 0.188}"
recipe,02_k9,9,2.698977325314479,2.698260475345825,0.026560058950134434,0.18414038733159496,0.17970318117259462,0.17933007020750294,0.18138173620165146,"{2: 0.181, 4: 0.181, 8: 0.181, 16: 0.181, 32: 0.181, 64: 0.18}"
recipe,03_k9,9,2.7054245865115507,2.7047602081861886,0.024557266488762674,0.18233071219035202,0.17873778853588448,0.1791808729059396,0.1793802287049109,"{2: 0.179, 4: 0.179, 8: 0.18, 16: 0.179, 32: 0.179, 64: 0.179}"
recipe,04_k9,9,2.706254886548632,2.705869010982606,0.014258655677423888,0.18122725173837462,0.17854484917170566,0.17840075107182443,0.18346824799196787,"{2: 0.183, 4: 0.183, 8: 0.183, 16: 0.183, 32: 0.183, 64: 0.183}"
recipe,05_k9,9,2.6923720658884522,2.691749880295668,0.02310919804387579,0.18467917277216975,0.18086045790236607,0.1810286547464391,0.18209346819317687,"{2: 0.182, 4: 0.182, 8: 0.182, 16: 0.182, 32: 0.182, 64: 0.182}"
recipe,06_k9,9,2.6529087321077185,2.6492297606503366,0.13867689501926522,0.20289242448935246,0.18885216376755706,0.18871763223882418,0.1943227808561495,"{2: 0.196, 4: 0.194, 8: 0.194, 16: 0.193, 32: 0.194, 64: 0.192}"
recipe,07_k9,9,2.684310066011215,2.6838162742665097,0.018395480870776817,0.1851980117340287,0.18245182139799,0.1830633935943495,0.18541870382442416,"{2: 0.186, 4: 0.185, 8: 0.185, 16: 0.186, 32: 0.185, 64: 0.185}"
recipe,08_k9,9,2.704871661882823,2.7043715464245093,0.018489433911464036,0.18170428617992176,0.178708696042268,0.1785043987772603,0.18047180573663624,"{2: 0.18, 4: 0.181, 8: 0.181, 16: 0.179, 32: 0.18, 64: 0.18}"
recipe,09_k9,9,2.7072031455052223,2.706591069793542,0.02260915338756704,0.1818587706431986,0.1783524461918407,0.178811270499794,0.17957206106040852,"{2: 0.179, 4: 0.179, 8: 0.179, 16: 0.179, 32: 0.179, 64: 0.179}"
recipe,10_k9,9,2.712248199965919,2.711772192571961,0.0175502888697368,0.18073918269230768,0.1774578858863988,0.17782388382970338,0.1813245380169326,"{2: 0.181, 4: 0.181, 8: 0.18, 16: 0.181, 32: 0.181, 64: 0.181}"
recipe,11_k9,9,2.703644429795111,2.703153131373866,0.018171709853226577,0.18191304067621838,0.17888431588904988,0.17857749878671383,0.1796650063830943,"{2: 0.18, 4: 0.179, 8: 0.179, 16: 0.18, 32: 0.179, 64: 0.18}"
recipe,12_k9,9,2.6529273457727647,2.6490058259375413,0.1478185914692317,0.20420299598000868,0.18903659059907552,0.18893634191952502,0.19712217514124294,"{2: 0.196, 4: 0.197, 8: 0.197, 16: 0.196, 32: 0.195, 64: 0.194}"
recipe,13_k9,9,2.690544718004385,2.6899362450470625,0.0226152330139925,0.18288583767926989,0.18153020762550978,0.18128998021440332,0.1848907404389396,"{2: 0.186, 4: 0.185, 8: 0.185, 16: 0.186, 32: 0.185, 64: 0.185}"
recipe,14_k9,9,2.70940479938479,2.7089166118825205,0.018018256348419498,0.17980803183398522,0.17802149587437327,0.1772090949318694,0.1784431361364624,"{2: 0.179, 4: 0.179, 8: 0.179, 16: 0.18, 32: 0.179, 64: 0.179}"
recipe,15_k9,9,2.7112067894318916,2.71066727427458,0.019899446970063673,0.18019339417644503,0.17754389643439172,0.17705989763030605,0.17821395588874403,"{2: 0.177, 4: 0.178, 8: 0.177, 16: 0.177, 32: 0.177, 64: 0.178}"
recipe,16_k9,9,2.7136594270016183,2.7131368176178685,0.019258473578140183,0.17979699722946546,0.17715043123462237,0.1771660602001869,0.18024717111690003,"{2: 0.18, 4: 0.18, 8: 0.179, 16: 0.18, 32: 0.18, 64: 0.18}"
recipe,17_k9,9,2.713192579994806,2.712683879333644,0.018749154221957418,0.1799096724736785,0.17720871292094897,0.177322886709801,0.1769381858431117,"{2: 0.177, 4: 0.177, 8: 0.177, 16: 0.178, 32: 0.177, 64: 0.177}"
recipe,18_k9,9,2.6569160096883846,2.6534656977737634,0.12986153502932388,0.20098089146023468,0.18822056690322947,0.1882225684654549,0.19401381192959583,"{2: 0.193, 4: 0.193, 8: 0.194, 16: 0.193, 32: 0.193, 64: 0.193}"
recipe,19_k9,9,2.6861543980279325,2.6856965445274934,0.017044943536204785,0.18439503205128205,0.18221600194473142,0.18201392621176182,0.1860111772055628,"{2: 0.186, 4: 0.186, 8: 0.186, 16: 0.186, 32: 0.186, 64: 0.186}"
recipe,20_k9,9,2.713397548654678,2.7130053232097042,0.014455141126239999,0.17947359843546284,0.17729246365136386,0.17789065533219287,0.17796610169491525,"{2: 0.178, 4: 0.178, 8: 0.178, 16: 0.178, 32: 0.178, 64: 0.178}"
recipe,21_k9,9,2.703085798528168,2.7024241565190588,0.02447728479316926,0.18195044274228597,0.1789918089871881,0.17894012271478055,0.17969768578878748,"{2: 0.18, 4: 0.18, 8: 0.18, 16: 0.179, 32: 0.18, 64: 0.181}"
recipe,22_k9,9,2.711822204726127,2.7113168871180875,0.018633876776978264,0.1797672886788353,0.17742455304696594,0.17743859924257036,0.17971717952892652,"{2: 0.18, 4: 0.179, 8: 0.179, 16: 0.179, 32: 0.18, 64: 0.18}"
recipe,23_k9,9,2.698508835575633,2.6980412449301014,0.017327741876073798,0.182524862965375,0.17974914472412182,0.17973631953613262,0.18012251806279878,"{2: 0.181, 4: 0.18, 8: 0.181, 16: 0.18, 32: 0.181, 64: 0.18}"
recipe,24_k99,99,6.241525327704523,6.2284899531023274,0.20884918217563211,0.017400470317898466,0.015213945214785278,0.015214557984837052,0.023279791840775232,"{2: 0.023, 4: 0.023, 8: 0.023, 16: 0.023, 32: 0.023, 64: 0.023}"
recipe,25_k99,99,6.221229996212398,6.2208342942661705,0.006360509842401296,0.015789245844198174,0.01546869714285195,0.015537271841222026,0.028033275321608857,"{2: 0.028, 4: 0.023, 8: 0.02, 16: 0.018, 32: 0.018, 64: 0.018}"
tern,00_k3,3,1.569178886572852,1.5690598803390423,0.007583981331126955,0.34564625434593654,0.3408546656324172,0.34127695935899416,0.34521335832246847,"{2: 0.345, 4: 0.346, 8: 0.345, 16: 0.345, 32: 0.342, 64: 0.342}"
tern,01_k3,3,1.5830386395211442,1.582911974528779,0.008001383491407334,0.3390051200564972,0.3342327716024478,0.33421043262131184,0.3411950646458062,"{2: 0.341, 4: 0.34, 8: 0.342, 16: 0.339, 32: 0.339, 64: 0.338}"
tern,02_k3,3,1.5675379158396936,1.5673199769722148,0.013903259709162398,0.34784298946110387,0.3416477635870745,0.34158213565764645,0.34820118970013036,"{2: 0.347, 4: 0.347, 8: 0.347, 16: 0.346, 32: 0.345, 64: 0.344}"
tern,03_k3,3,1.5832126383327014,1.5831664341781444,0.002918379593387157,0.3371156562364189,0.3341510020322914,0.33387812954055707,0.33402426933941765,"{2: 0.336, 4: 0.335, 8: 0.335, 16: 0.335, 32: 0.335, 64: 0.335}"
tern,04_k3,3,1.5849369428789446,1.584915011484094,0.0013837392679351735,0.334566238184485,0.3333451329061422,0.33333771317279104,0.3440768988114621,"{2: 0.345, 4: 0.345, 8: 0.345, 16: 0.344, 32: 0.345, 64: 0.345}"
tern,05_k3,3,1.5610203043330286,1.561010444502761,0.0006316272914714352,0.3447497761315532,0.34386017841731065,0.3439527485965087,0.3443950999565406,"{2: 0.344, 4: 0.344, 8: 0.344, 16: 0.344, 32: 0.344, 64: 0.345}"
tern,06_k3,3,1.5840390255608123,1.583435555429208,0.03809692323650739,0.34231719904389396,0.3337563806857316,0.3330490672625516,0.34155496251629724,"{2: 0.342, 4: 0.341, 8: 0.341, 16: 0.339, 32: 0.338, 64: 0.335}"
tern,07_k3,3,1.5818860604638998,1.5818014620395813,0.005347946760066078,0.33764871251629724,0.33473212448420164,0.33423416855565147,0.33888458822251194,"{2: 0.34, 4: 0.338, 8: 0.339, 16: 0.339, 32: 0.34, 64: 0.337}"
tern,08_k3,3,1.5836413924504344,1.5831932656853118,0.028297237446491583,0.34148535962624943,0.333937470841417,0.33434606653182397,0.3401561141894828,"{2: 0.34, 4: 0.341, 8: 0.339, 16: 0.338, 32: 0.337, 64: 0.336}"
tern,09_k3,3,1.5815520038123339,1.5814419091580207,0.006961178263359368,0.33984205236853543,0.3348825342527786,0.33503610405155443,0.3352669355714907,"{2: 0.336, 4: 0.335, 8: 0.337, 16: 0.335, 32: 0.335, 64: 0.335}"
tern,10_k3,3,1.5847490316804187,1.5847317472913856,0.0010906704271538504,0.3352894291883963,0.333431625152711,0.333322454377261,0.3420790425214371,"{2: 0.342, 4: 0.342, 8: 0.341, 16: 0.341, 32: 0.341, 64: 0.342}"
tern,11_k3,3,1.554819566026353,1.5548015361668333,0.0011596110515831762,0.3473569107511126,0.3464933420692421,0.34654420070402386,0.346787911505867,"{2: 0.347, 4: 0.347, 8: 0.346, 16: 0.347, 32: 0.347, 64: 0.347}"
tern,12_k3,3,1.5823374051182248,1.5823000660666597,0.002359740182108685,0.33658429758800523,0.33456289855027455,0.3335763440896676,0.33770473435462844,"{2: 0.339, 4: 0.337, 8: 0.337, 16: 0.336, 32: 0.336, 64: 0.335}"
tern,13_k3,3,1.5848717209549956,1.5847271139564132,0.009124208393048667,0.33709698229030854,0.33337517069468714,0.333379674919425,0.3414208496305954,"{2: 0.342, 4: 0.34, 8: 0.34, 16: 0.34, 32: 0.338, 64: 0.337}"
tern,14_k3,3,1.5839037131755114,1.5838669793596099,0.0023191950114112504,0.335536858974359,0.33382689154902356,0.3345173043438455,0.3356896458061712,"{2: 0.336, 4: 0.335, 8: 0.336, 16: 0.337, 32: 0.334, 64: 0.335}"
tern,15_k3,3,1.5849439374487195,1.5849324552113409,0.0007244570049059465,0.33458448772272925,0.33334190490437143,0.33362890222999103,0.3339020398739678,"{2: 0.334, 4: 0.335, 8: 0.333, 16: 0.333, 32: 0.334, 64: 0.334}"
tern,16_k3,3,1.5849241130159701,1.5849074425857175,0.001051812519966075,0.3347118100825728,0.33335106574353923,0.33355727028625076,0.3394638520297406,"{2: 0.34, 4: 0.34, 8: 0.34, 16: 0.341, 32: 0.34, 64: 0.34}"
tern,17_k3,3,1.577370000376912,1.577367158175715,0.00018018608166649346,0.33750966704656465,0.33675079354276183,0.3362585009504958,0.33667215001629724,"{2: 0.337, 4: 0.337, 8: 0.336, 16: 0.337, 32: 0.336, 64: 0.336}"
tern,18_k3,3,1.570417932431497,1.5703876495933708,0.0019283298732675823,0.3425837271838331,0.340256492337097,0.3403749938540884,0.3423036179921773,"{2: 0.341, 4: 0.342, 8: 0.342, 16: 0.341, 32: 0.341, 64: 0.341}"
tern,19_k3,3,1.5846865004960384,1.584654401911957,0.0020255478967813054,0.3346048593003042,0.3334614523157569,0.3336916329136029,0.3401832762929161,"{2: 0.339, 4: 0.34, 8: 0.34, 16: 0.34, 32: 0.339, 64: 0.339}"
tern,20_k3,3,1.5764368607875956,1.5764086278056744,0.001790936422732629,0.33775396566710125,0.33736621416576296,0.3374707327452473,0.3391545116253803,"{2: 0.339, 4: 0.338, 8: 0.338, 16: 0.339, 32: 0.339, 64: 0.338}"
tern,21_k3,3,1.5845635277523331,1.5845504949181572,0.0008224873252226249,0.3352550521512386,0.33351870178371484,0.33384930733457324,0.3358135729030856,"{2: 0.335, 4: 0.335, 8: 0.335, 16: 0.335, 32: 0.335, 64: 0.335}"
tern,22_k3,3,1.5818508727429128,1.5818224481289431,0.001796921218015437,0.3366963412646675,0.3347922956706082,0.33484960549655723,0.3405738664115923,"{2: 0.341, 4: 0.34, 8: 0.341, 16: 0.341, 32: 0.341, 64: 0.34}"
tern,23_k3,3,1.584677382587223,1.5846749401782758,0.00015412657326516546,0.33409567323347444,0.333464460011951,0.33378615221920105,0.33412952249022165,"{2: 0.334, 4: 0.334, 8: 0.334, 16: 0.334, 32: 0.334, 64: 0.334}"
tern,24_k99,99,6.2452184863549824,6.235075715839459,0.16240857766120048,0.016924247957415442,0.0151236481728453,0.015110302190239622,0.02326992050700414,"{2: 0.023, 4: 0.023, 8: 0.023, 16: 0.023, 32: 0.023, 64: 0.023}"
tern,25_k99,99,6.226607240858472,6.226383652391739,0.003590855470472519,0.015593806021838331,0.015375578757407816,0.015478779779294191,0.026467849291646313,"{2: 0.027, 4: 0.022, 8: 0.02, 16: 0.017, 32: 0.017, 64: 0.018}"
