palette,MB,n_kmax,embed_k,wiki,wiki_se,code,code_se,d_code,d_code_se,d_wiki,d_wiki_se
all-k9 (base),538.3183821997069,0,9,21.45953360331187,4.094940769467192,5.447434991525705,0.4426707454914468,0.9556488732762476,0.13718507335839475,7.395869031038554,1.7952811141018479
all-k9 + embed99,641.8283474725439,0,99,19.602985781125337,3.6424291672753557,5.149209466761585,0.4020863901549854,0.6574233485121261,0.10574717211290156,5.539321208852024,1.3415389976033671
greedy <= 700 MB,700.5784272152054,19,9,16.617966065463072,2.9208725727599023,4.972461467818153,0.409637628373749,0.48067534956869473,0.0582343975347813,2.5543014931897607,0.5944123930855959
greedy <= 850 MB,850.547925340238,126,9,15.662209787592733,2.5998909244070574,4.834809831518919,0.4094558087972283,0.34302371326946124,0.04799288238092347,1.5985452153194193,0.30546106371641935
greedy <= 1000 MB,1000.371835054571,191,9,15.283561608714333,2.5814859783079616,4.744775471561739,0.40527500738057715,0.25298935331228073,0.04259375048167146,1.2198970364410202,0.2562349670792888
greedy <= 1150 MB,1114.5121565343018,196,99,14.088628286206063,2.3365383387972374,4.503948349723018,0.3665632960711251,0.01216223147355916,0.004077902061710131,0.024963713932750098,0.01591562954562821
greedy <= 1350 MB,1114.5121565343018,196,99,14.088628286206063,2.3365383387972374,4.503948349723018,0.3665632960711251,0.01216223147355916,0.004077902061710131,0.024963713932750098,0.01591562954562821
all-k63 + embed99,1114.5121565343018,196,99,14.088628286206063,2.3365383387972374,4.503948349723018,0.3665632960711251,0.01216223147355916,0.004077902061710131,0.024963713932750098,0.01591562954562821
attn63/mlp15 + embed99,809.4152199513528,112,99,15.019229778379678,2.573590154744423,4.6079084983588565,0.3631066142157641,0.11612238010939835,0.030681531765080705,0.9555652061063675,0.2452402254300615
