variant,k,digits_bpp,scale_bpp,MB,code,code_se,wiki,d_code,d_code_se,d_wiki
sym,9,3.2083814141291205,0.09649991297871656,637.724072209859,5.598331447977166,0.4455945290309686,19.43645779659802,1.106545329727708,0.12721358314870038,5.37279322432471
symclip,9,3.213039722233857,0.09679560499816423,638.680017316574,5.598960726087914,0.44531792681289717,19.61250541580902,1.107174607838456,0.13413665358527535,5.548840843535707
asym,9,3.3909163832421996,0.3468247451051668,721.2505555598661,5.336060157501144,0.4281615101565021,17.231096130377136,0.8442740392516859,0.12373138434889934,3.1674315581038224
sym,15,3.871965137022169,0.09649991297871656,765.7720328263052,4.853460374612087,0.39547103899192515,15.126973076960414,0.3616742563626286,0.06475839818760115,1.0633085046871023
symclip,15,3.8768912776756492,0.09679560499816423,766.7796600500919,4.855251472286444,0.3975179098497211,15.232328040364667,0.36346535403698554,0.061234807925548154,1.1686634680913546
asym,15,4.051297321102972,0.3468247502874729,848.6804940429423,4.68322047462518,0.37345044138241085,14.988385439490369,0.19143435637572265,0.04170097017506035,0.9247208672170559
sym,27,4.616976866590186,0.09649991297871656,909.5326907740462,4.570867546128037,0.3642311313811784,14.275854995375557,0.07908142787857902,0.013913596002741281,0.21219042310224556
symclip,27,4.621508318207377,0.09679560499816423,910.464157108964,4.562763772975141,0.3627017345667964,14.306856683447798,0.07097765472568257,0.013939184684345705,0.24319211117448258
asym,27,4.788924099631096,0.3468247658343911,991.0161231713555,4.567843848821317,0.3686759646778265,14.195796604454635,0.0760577305718586,0.01754817040867851,0.13213203218132152
