grid,levels,raw_bits,mse,entropy,centers,note
uniform 3,3,1.584962500721156,0.9586258132998438,0.11187218807756341,,
uniform 4,4,2.0,1.1150288120505094,1.0105501373743513,,
uniform 5,5,2.321928094887362,0.4915697055718942,0.9598558855022192,,
uniform 6,6,2.584962500721156,0.33610072714203804,1.2702016583981806,,
uniform 7,7,2.807354922057604,0.23033414777394953,1.4599703096212417,,
uniform 8,8,3.0,0.16983405689984588,1.6480110233204885,,
uniform 9,9,3.169925001442312,0.12968148254514691,1.8143323225852201,"-5.007,-3.755,-2.504,-1.252,0.000,1.252,2.504,3.755,5.007",= ninths grid k·m/4
uniform 12,12,3.584962500721156,0.06877838434237547,2.2329741551271813,,
uniform 15,15,3.9068905956085187,0.0424657456959369,2.5644731987441136,,
uniform 16,16,4.0,0.03688280228578712,2.660655299742926,,
uniform 27,27,4.754887502163468,0.012290259954535764,3.436433766189783,,
uniform 31,31,4.954196310386875,0.009234598138857167,3.6400694127261564,,
uniform 32,32,5.0,0.008633223916076583,3.6870799226452697,,
Lloyd–Max 3,3,1.584962500721156,0.19056071160858779,1.5345899041794504,,MSE-optimal k levels (fitted to the distribution)
Lloyd–Max 4,4,2.0,0.1178897179040625,1.9102407462408246,,MSE-optimal k levels (fitted to the distribution)
Lloyd–Max 8,8,3.0,0.034807125290488565,2.8214132884525567,,MSE-optimal k levels (fitted to the distribution)
Lloyd–Max 9,9,3.169925001442312,0.028026353066425157,2.978206294197891,"-2.272,-1.490,-0.927,-0.450,-0.006,0.440,0.923,1.487,2.273",MSE-optimal k levels (fitted to the distribution)
Lloyd–Max 16,16,4.0,0.00961095552126461,3.7618075198343885,,MSE-optimal k levels (fitted to the distribution)
