scheme,levels,raw_bits,alphabet_bits,entropy,rans,side,eff,ppl,mse,mb,note
fp32 baseline,0,32.0,0,,,0.0,,40.663082904542804,0.0,274.056192,reference
int8 (255 sym),255,8,7.994353436858858,7.203835647871242,7.990075005425347,0.03125,8.021325005425346,40.627947653854584,7.11677890412378e-05,189.197004,15s scheme
int4 (15 sym),15,4,3.9068905956085187,3.040913053657803,3.0465627599645546,0.03125,3.0778127599645546,45.00776214396322,0.023412171895302026,171.702191,14s scheme
16-level uniform,16,4,4.0,3.1384989145589315,3.1444374367042824,0.03125,3.1756874367042824,48.04095612175268,0.020424040229184617,172.048564,14s scheme
8-level uniform,8,3,3.0,2.0868008497889425,2.0886908637152777,0.03125,2.1199408637152777,81.00342696594565,0.09522990387746816,168.312336,14s scheme
ternary absmean (3),3,2,1.584962500721156,1.5834706353549435,1.5834740532769098,0.03125,1.6147240532769098,992.2794770356794,0.26842042681839656,166.524402,17s scheme
9-level ninths (uniform),9,4,3.169925001442312,2.2646271484062916,2.2673712836371527,0.03125,2.2986212836371527,93.33346595430088,0.07101570246662285,168.944676,14s scheme
9-level Lloyd-Max (fitted),9,4,3.169925001442312,2.866074291882659,2.8662131980613426,0.28125,3.1474631980613426,47.163724499481965,0.030336547994350677,171.94868,14s scheme
27-level uniform,27,5,4.754887502163468,3.9225583360205074,3.9385223388671875,0.03125,3.9697723388671875,42.92709957442854,0.00679232154486452,174.858786,14s scheme
