grid,family,levels,entropy,rans,eff,ppl,mse,note
7-level,2^3-1 (base-2 L=3),7,2.308239202408706,2.308241950141059,2.808241950141059,76.28322135067772,0.06548407712650461,16s
9-level,10^1-1 (base-10 L=1),9,2.700561679443628,2.700564914279514,3.200564914279514,54.679255385755376,0.03690438738576648,16s
15-level,2^4-1 (base-2 L=4),15,3.4835423202294784,3.4835453739872686,3.9835453739872686,42.33400643928471,0.012062246056187213,16s
63-level,2^6-1 (base-2 L=6),63,5.597924109069311,5.597961990921585,6.097961990921585,40.64633140959714,0.0006150559545902434,17s
99-level,10^2-1 (base-10 L=2),99,6.249496390713752,6.249595076949508,6.749595076949508,40.56527348642578,0.0002461868746149674,17s
127-level,2^7-1 (base-2 L=7),127,6.607040573614484,6.607206273961951,7.107206273961951,40.97830745381396,0.00014885903180550164,17s
255-level,2^8-1 (base-2 L=8),255,7.60403450684731,7.604602107295284,8.104602107295284,40.45169650082773,3.664966266138422e-05,17s
999-level,10^3-1 (base-10 L=3),999,9.548731269300943,9.559955455638745,10.059955455638745,40.69659883871553,2.374532877801048e-06,19s
1023-level,2^10-1 (base-2 L=10),1023,9.58248936698445,9.595140810366031,10.095140810366031,40.66167412172595,2.263567179291163e-06,19s
9-level GPTQ,,9,,2.708754645453559,3.208754645453559,43.643667498458704,0.050535305408775155,
15-level GPTQ,,15,,3.4862297905815973,3.9862297905815973,42.11851304931671,0.01660462521822702,
99-level GPTQ,,99,,6.250124048303674,6.750124048303674,40.72721474418658,0.00033982656921690397,
