test,grid,scope,window,ppl,mse,note
A-windows,63,all,A,40.64633140959714,,
A-windows,63,all,B,39.12902099424539,,
A-windows,63,all,C,42.77521658784472,,
A-windows,99,all,A,40.56527348642578,,
A-windows,99,all,B,39.236439990817274,,
A-windows,99,all,C,42.76434754631863,,
A-windows,127,all,A,40.97830745381396,,
A-windows,127,all,B,39.611822562394366,,
A-windows,127,all,C,43.12955382442843,,
B-scope,99,attn-only,A,40.51276604026975,0.0002569378342011424,
B-scope,99,mlp-only,A,40.716533120310196,0.00024142495290529746,
B-scope,127,attn-only,A,40.81537805085742,0.000155378566475222,
B-scope,127,mlp-only,A,40.820947748777755,0.0001459713344047692,
